,pure_NSM,pure_DSM,Climb Hill's,Lisbeth Rodriguez's,Huang Yin-fu's,SCVP's
customer,8.0,5.5,2.75,8.0,3.1666666666666665,2.75
lineitem,17.0,11.143382352941178,3.186274509803922,3.635294117647059,8.470588235294118,3.7058823529411766
nation,9.0,7.916666666666666,4.5,4.666666666666667,4.5,4.5
orders,12.0,6.444444444444445,2.6666666666666665,6.0,3.0,2.6666666666666665
part,8.0,6.194444444444445,2.25,2.25,4.5,2.75
partsupp,5.0,7.0,2.5,4.5,2.5,2.5
region,3.0,4.0,1.5,1.5,1.5,1.5
supplier,10.0,8.142857142857142,4.5,4.5,6.1,4.6
