,pure_NSM,pure_DSM,ClimbHill,Rodriguez,Huang,SCVP,HILLCLIMB,O2P,OPTIMAL,TROJAN,NAVATHE
30attr,1000,102.8190476,40.19047619,40.19047619,143.047619,40.19047619,0,0,0,0,0
50attr,1000,132.7339394,27.8989899,100.300813,125.3424242,27.8989899,0,0,0,0,0
100attr,1000,216.34,14.08450704,83.775,114.1855204,14.08450704,0,0,0,0,0
200attr,1000,296.34,0,90.00625,95.04210526,7.19,0,0,0,0,0
