,pure_NSM,pure_DSM,ClimbHill,Rodriguez,Huang,SCVP,HILLCLIMB,O2P,OPTIMAL,TROJAN,NAVATHE
200query,200,49.035,4.585365854,23.41666667,24.13888889,4.585365854,0,0,0,0,0
500query,500,76.48190476,13.34837093,30.38095238,54,13.34837093,0,0,0,0,0
1000query,1000,95.71333333,26.1965812,68.94315245,116.2222222,26.1965812,0,0,0,0,0
2000query,2000,187.634026,59.53246753,118.995788,194.9350649,59.53246753,0,0,0,0,0
5000query,5000,299.8857485,138.9689851,218.1181138,370.2427146,138.9689851,0,0,0,0,0
