,pure_NSM,pure_DSM,ClimbHill,Rodriguez,Huang,SCVP,HILLCLIMB,O2P,OPTIMAL,TROJAN,NAVATHE
ssb,0.34002535938813905,0.46788048552754435,0.16094017094017093,0.17871794871794872,0.6933333333333332,0.16094017094017093,0.16094017094017093,0.43716652991162797,0.7433333333333334,0.7766666666666666,0.4159064386515367
