,pure_NSM,pure_DSM,ClimbHill,Rodriguez,Huang,SCVP,HILLCLIMB,O2P,OPTIMAL,TROJAN,NAVATHE
ssb,0.34002535938813905,0.46788048552754435,0.37597402597402596,0.17871794871794872,0.7466666666666667,0.37597402597402596,0.37597402597402596,0.678288770053476,0.7533333333333333,0.79,0.41780494015788133
