,pure_NSM,pure_DSM,Climb Hill's,Lisbeth Rodriguez's,Huang Yin-fu's,SCVP's
customer,5.0067901611328125e-06,5.0067901611328125e-06,0.0301821231842041,0.023221492767333984,0.050873517990112305,0.1626579761505127
lineitem,5.7220458984375e-06,5.7220458984375e-06,0.3147704601287842,0.07225513458251953,0.14806866645812988,0.561617374420166
nation,6.67572021484375e-06,6.67572021484375e-06,0.02597641944885254,0.025000572204589844,0.05077242851257324,0.0839853286743164
orders,6.9141387939453125e-06,6.9141387939453125e-06,0.060005903244018555,0.039566755294799805,0.07986927032470703,0.15492701530456543
part,6.67572021484375e-06,6.67572021484375e-06,0.04554343223571777,0.030313491821289062,0.06131935119628906,0.15364575386047363
partsupp,5.4836273193359375e-06,5.4836273193359375e-06,0.02010035514831543,0.0192568302154541,0.03975725173950195,0.07323002815246582
region,5.4836273193359375e-06,5.4836273193359375e-06,0.009603023529052734,0.009206533432006836,0.01902484893798828,0.03494620323181152
supplier,5.9604644775390625e-06,5.9604644775390625e-06,0.04664182662963867,0.04011273384094238,0.08212876319885254,0.17210841178894043
