,pure_NSM,pure_DSM,ClimbHill,Rodriguez,Huang,SCVP,HILLCLIMB,O2P,OPTIMAL,TROJAN,NAVATHE
tpch,0.4792691538235635,0.7463878158208908,0.6657962914807825,0.6107440147242541,0.673198315789286,0.6449629581474491,0.6508031775585363,0.6620991931921197,0.5701466913415166,0.6508057234499504,0.6574588615711157
