,pure_NSM,pure_DSM,ClimbHill,Rodriguez,Huang,SCVP,HILLCLIMB,O2P,OPTIMAL,TROJAN,NAVATHE
tpch,0.4792691538235635,0.7463878158208908,0.592249950346437,0.6107440147242541,0.599039911394557,0.5410773869946537,0.592249950346437,0.6040543401688269,0.5753991654778802,0.6242882223090862,0.606057545297032
