,pure_NSM,pure_DSM,ClimbHill,Rodriguez,Huang,SCVP,HILLCLIMB,O2P,OPTIMAL,TROJAN,NAVATHE
customer,8.0,5.5,2.75,8.0,3.1666666666666665,2.35,2.75,5.0,2.75,3.9,5.0
lineitem,17.0,11.143382352941178,3.186274509803922,3.635294117647059,8.470588235294118,3.186274509803922,3.186274509803922,5.741176470588235,0.0,5.470588235294118,5.741176470588235
nation,9.0,7.916666666666666,4.5,4.666666666666667,4.5,4.5,4.5,4.5,4.666666666666667,4.5,4.5
orders,12.0,6.444444444444445,2.6666666666666665,6.0,3.0,2.6666666666666665,2.6666666666666665,5.166666666666667,2.6666666666666665,5.833333333333333,5.166666666666667
part,8.0,6.194444444444445,2.25,2.25,4.5,2.25,2.25,4.083333333333334,3.25,6.107142857142858,4.083333333333334
partsupp,5.0,7.0,2.5,4.5,2.5,2.5,2.5,5.2,3.1333333333333337,2.5,5.2
region,3.0,4.0,1.5,1.5,1.5,1.5,1.5,1.5,1.5,1.5,1.5
supplier,10.0,8.142857142857142,4.5,4.5,6.1,3.5333333333333337,4.5,6.0,4.5,6.533333333333333,6.0
